date,timestamp,countries_processed,total_metrics
2026-01-26,2026-01-26T19:26:49.072691,9,176
2026-01-27,2026-01-27T05:21:52.470557,2,5,"Luxembourg, Netherlands, Norway, Poland, Portugal",96
2026-01-28,2026-01-28T05:22:57.507846,2,5,"Luxembourg, Netherlands, Norway, Poland, Portugal",96
2026-01-29,2026-01-29T05:38:33.818195,3,5,"Sweden, Slovakia, Spain, UK, ZenDesk",96
2026-01-30,2026-01-30T05:41:04.088190,3,5,"Sweden, Slovakia, Spain, UK, ZenDesk",96
2026-01-31,2026-01-31T05:34:22.718386,3,5,"Sweden, Slovakia, Spain, UK, ZenDesk",96
2026-02-01,2026-02-01T05:55:58.371650,0,5,"Austria, Belgium, Switzerland, Germany, Denmark",112
2026-02-02,2026-02-02T05:59:09.082061,0,5,"Austria, Belgium, Switzerland, Germany, Denmark",112
2026-02-03,2026-02-03T05:45:02.605976,0,5,"Austria, Belgium, Switzerland, Germany, Denmark",112
2026-02-04,2026-02-04T05:42:40.976374,0,5,"Austria, Belgium, Switzerland, Germany, Denmark",112
2026-02-05,2026-02-05T05:50:48.706868,1,5,"Finland, France, Hungary, Ireland, Italy",144
2026-02-06,2026-02-06T05:47:22.649952,1,5,"Finland, France, Hungary, Ireland, Italy",144
2026-02-07,2026-02-07T05:36:49.555337,1,5,"Finland, France, Hungary, Ireland, Italy",144
2026-02-08,2026-02-08T05:57:30.206008,1,5,"Finland, France, Hungary, Ireland, Italy",144
2026-02-09,2026-02-09T06:02:59.319490,2,5,"Luxembourg, Netherlands, Norway, Poland, Portugal",96
2026-02-10,2026-02-10T06:08:02.140305,2,5,"Luxembourg, Netherlands, Norway, Poland, Portugal",96
2026-02-11,2026-02-11T06:04:59.785342,2,5,"Luxembourg, Netherlands, Norway, Poland, Portugal",96
2026-02-12,2026-02-12T05:59:44.937252,2,5,"Luxembourg, Netherlands, Norway, Poland, Portugal",96
2026-02-13,2026-02-13T05:54:55.440799,3,5,"Sweden, Slovakia, Spain, UK, ZenDesk",96
2026-02-14,2026-02-14T05:39:44.939175,3,5,"Sweden, Slovakia, Spain, UK, ZenDesk",96
2026-02-15,2026-02-15T05:51:45.832574,3,5,"Sweden, Slovakia, Spain, UK, ZenDesk",96
2026-02-16,2026-02-16T06:01:58.266524,3,5,"Sweden, Slovakia, Spain, UK, ZenDesk",96
2026-02-17,2026-02-17T05:53:12.329431,0,5,"Austria, Belgium, Switzerland, Germany, Denmark",112
2026-02-18,2026-02-18T05:56:38.211002,0,5,"Austria, Belgium, Switzerland, Germany, Denmark",112
2026-02-19,2026-02-19T05:54:45.157511,0,5,"Austria, Belgium, Switzerland, Germany, Denmark",112
